{"name":"Hoja de eventos 4","tabColor":[0.8250000000000002,0.9999999999999999,0.8000000000000002,1],"tabTextColor":null,"uiState":{"viewsUIState":[{"scroll":0,"eventSheetView":{"conditionsColumnWidth":150,"conditionNameCellWidth":54.00029999999998,"actionNameCellWidth":3.0002999999999815,"fontSizeEm":1}}],"bookmark":false,"eventsUIState":[]}}